match_id,home_team,away_team,home_goals,away_goals,match_outcome,Home_Ball_Possession,Home_Pass_Accuracy,Home_Total_Shots,Home_Expected_Goals,Away_Ball_Possession,Away_Pass_Accuracy,Away_Total_Shots,Away_Expected_Goals
1035037,Burnley,Manchester City,0,3,Loss,34%,79%,6,0.33,66%,90%,17,2.08
1035038,Arsenal,Nottingham Forest,2,1,Win,78%,90%,15,0.83,22%,69%,6,1.18
1035039,Bournemouth,West Ham,1,1,Draw,63%,82%,14,1.37,37%,68%,16,1.07
1035041,Everton,Fulham,0,1,Loss,41%,79%,19,2.73,59%,85%,9,1.5
1035040,Brighton,Luton,4,1,Win,71%,91%,27,4.01,29%,72%,9,1.48
1035042,Sheffield Utd,Crystal Palace,0,1,Loss,32%,62%,8,0.51,68%,83%,24,1.89
1035043,Newcastle,Aston Villa,5,1,Win,53%,85%,17,3.41,47%,85%,16,1.77
1035044,Brentford,Tottenham,2,2,Draw,30%,77%,11,2.22,70%,90%,18,1.27
1035045,Chelsea,Liverpool,1,1,Draw,65%,87%,10,1.35,35%,80%,13,1.28
1035046,Manchester United,Wolves,1,0,Win,51%,82%,15,2.21,49%,81%,23,2.35
1035053,Nottingham Forest,Sheffield Utd,2,1,Win,50%,79%,16,1.39,50%,75%,7,0.5
1035049,Fulham,Brentford,0,3,Loss,55%,84%,10,0.46,45%,83%,17,3.93
1035056,Wolves,Brighton,1,4,Loss,46%,84%,16,2.14,54%,88%,16,2.22
1035050,Liverpool,Bournemouth,3,1,Win,65%,86%,26,3.08,35%,73%,13,1.29
1035054,Tottenham,Manchester United,2,0,Win,56%,85%,17,1.74,44%,83%,22,2.07
1035052,Manchester City,Newcastle,1,0,Win,60%,90%,14,1.08,40%,86%,7,0.29
1035047,Aston Villa,Everton,4,0,Win,60%,90%,13,3,40%,81%,9,0.63
1035055,West Ham,Chelsea,3,1,Win,24%,69%,12,1.8,76%,88%,17,2.49
1035048,Crystal Palace,Arsenal,0,1,Loss,47%,86%,14,1.01,53%,86%,14,2.02
1035062,Chelsea,Luton,3,0,Win,67%,92%,19,2.27,33%,78%,11,0.44
1035057,Bournemouth,Tottenham,0,2,Loss,43%,80%,11,0.67,57%,89%,17,2.06
1035064,Manchester United,Nottingham Forest,3,2,Win,66%,86%,18,2.83,34%,72%,9,1.21
1035058,Arsenal,Fulham,2,2,Draw,71%,90%,19,3.2,29%,72%,8,0.56
1035063,Everton,Wolves,0,1,Loss,47%,82%,15,1.34,53%,84%,11,1.08
1035059,Brentford,Crystal Palace,1,1,Draw,60%,85%,12,0.97,40%,81%,15,0.8
1035060,Brighton,West Ham,1,3,Loss,78%,89%,25,1.48,22%,68%,12,3.23
1035061,Burnley,Aston Villa,1,3,Loss,57%,89%,9,0.73,43%,84%,16,2.7
1035066,Sheffield Utd,Manchester City,1,2,Loss,21%,68%,6,0.67,79%,92%,30,3.6
1035065,Newcastle,Liverpool,1,2,Loss,60%,86%,23,1.99,40%,80%,9,0.88
1035074,Luton,West Ham,1,2,Loss,39%,73%,16,1.47,61%,83%,9,1.03
1035076,Sheffield Utd,Everton,2,2,Draw,45%,74%,13,1.19,55%,76%,16,2.59
1035070,Burnley,Tottenham,2,5,Loss,46%,81%,16,1.36,54%,87%,21,2.28
1035071,Chelsea,Nottingham Forest,0,1,Loss,76%,89%,21,2.3,24%,62%,7,0.76
1035075,Manchester City,Fulham,5,1,Win,68%,89%,7,2.26,32%,81%,6,1.45
1035068,Brentford,Bournemouth,2,2,Draw,61%,83%,21,2.91,39%,72%,12,2.09
1035069,Brighton,Newcastle,3,1,Win,56%,90%,15,1.3,44%,84%,9,1.23
1035073,Liverpool,Aston Villa,3,0,Win,64%,91%,17,2.47,36%,81%,9,0.66
1035072,Crystal Palace,Wolves,3,2,Win,43%,80%,16,2.11,57%,84%,12,1.18
1035067,Arsenal,Manchester United,3,1,Win,55%,87%,17,2.27,45%,85%,10,0.94
1035086,Wolves,Liverpool,1,3,Loss,34%,81%,11,0.63,66%,88%,16,2.52
1035081,Manchester United,Brighton,1,3,Loss,44%,86%,14,0.96,56%,91%,10,1.7
1035080,Fulham,Luton,1,0,Win,78%,91%,13,0.96,22%,68%,7,1.1
1035084,Tottenham,Sheffield Utd,2,1,Win,70%,88%,28,2.12,30%,69%,7,0.66
1035085,West Ham,Manchester City,1,3,Loss,32%,86%,6,0.94,68%,93%,29,3.63
1035078,Aston Villa,Crystal Palace,3,1,Win,67%,86%,16,3.21,33%,75%,6,1.17
1035082,Newcastle,Brentford,1,0,Win,56%,78%,9,1.44,44%,72%,11,0.5
1035077,Bournemouth,Chelsea,0,0,Draw,35%,79%,13,1.04,65%,87%,14,1.85
1035079,Everton,Arsenal,0,1,Loss,26%,67%,8,0.34,74%,89%,13,1.02
1035083,Nottingham Forest,Burnley,1,1,Draw,46%,79%,14,0.71,54%,84%,10,0.55
1035095,Manchester City,Nottingham Forest,2,0,Win,57%,89%,7,1.33,43%,86%,10,1.03
1035092,Crystal Palace,Fulham,0,0,Draw,51%,81%,7,0.3,49%,83%,10,0.59
1035094,Luton,Wolves,1,1,Draw,56%,77%,20,2.17,44%,73%,3,0.59
1035088,Brentford,Everton,1,3,Loss,57%,82%,12,1.03,43%,80%,18,1.9
1035090,Burnley,Manchester United,0,1,Loss,62%,88%,12,1.09,38%,80%,11,0.97
1035093,Liverpool,West Ham,3,1,Win,64%,89%,22,3.03,36%,78%,11,1.1
1035087,Arsenal,Tottenham,2,2,Draw,47%,84%,13,2.03,53%,86%,13,1.46
1035091,Chelsea,Aston Villa,0,1,Loss,53%,86%,10,1.33,47%,85%,15,1.07
1035089,Brighton,Bournemouth,3,1,Win,62%,87%,13,1.85,38%,77%,12,1.14
1035096,Sheffield Utd,Newcastle,0,8,Loss,42%,79%,9,0.94,58%,87%,22,3.92
1035098,Aston Villa,Brighton,6,1,Win,38%,78%,19,1.58,62%,89%,11,1.71
1035101,Manchester United,Crystal Palace,0,1,Loss,77%,88%,19,1.3,23%,67%,8,0.9
1035102,Newcastle,Burnley,2,0,Win,53%,81%,20,3.19,47%,79%,8,0.65
1035097,Bournemouth,Arsenal,0,4,Loss,42%,81%,8,0.65,58%,88%,15,3.43
1035106,Wolves,Manchester City,2,1,Win,32%,76%,3,0.47,68%,88%,23,0.87
1035099,Everton,Luton,1,2,Loss,68%,80%,23,2.9,32%,53%,9,0.89
1035105,West Ham,Sheffield Utd,2,0,Win,52%,86%,20,2.14,48%,83%,16,1.07
1035104,Tottenham,Liverpool,2,1,Win,65%,91%,24,2.23,35%,77%,12,1.31
1035103,Nottingham Forest,Brentford,1,1,Draw,41%,79%,6,0.46,59%,85%,18,1.66
1035100,Fulham,Chelsea,0,2,Loss,56%,88%,10,1.09,44%,85%,11,1.7
1035051,Luton,Burnley,1,2,Loss,49%,69%,18,1.34,51%,72%,14,1.11
1035113,Luton,Tottenham,0,1,Loss,33%,67%,12,0.76,67%,86%,15,1.96
1035114,Manchester United,Brentford,2,1,Win,64%,88%,21,1.43,36%,72%,11,0.95
1035112,Fulham,Sheffield Utd,3,1,Win,60%,80%,20,2.21,40%,69%,5,0.57
1035109,Burnley,Chelsea,1,4,Loss,38%,84%,10,0.76,62%,92%,9,1.86
1035111,Everton,Bournemouth,3,0,Win,47%,78%,25,2.49,53%,79%,11,0.69
1035110,Crystal Palace,Nottingham Forest,0,0,Draw,52%,88%,8,0.81,48%,87%,16,1.05
1035116,Wolves,Aston Villa,1,1,Draw,46%,79%,8,1.68,54%,84%,18,1.61
1035115,West Ham,Newcastle,2,2,Draw,35%,72%,5,1.16,65%,86%,10,2.01
1035108,Brighton,Liverpool,2,2,Draw,46%,85%,14,2.32,54%,87%,14,2.35
1035107,Arsenal,Manchester City,1,0,Win,49%,87%,12,0.39,51%,87%,4,0.48
1035121,Liverpool,Everton,2,0,Win,78%,87%,26,2.23,22%,53%,6,0.13
1035123,Newcastle,Crystal Palace,4,0,Win,60%,86%,10,2.39,40%,79%,17,1.21
1035117,Bournemouth,Wolves,1,2,Loss,34%,75%,7,0.63,66%,85%,21,2.35
1035122,Manchester City,Brighton,2,1,Win,55%,90%,10,0.75,45%,88%,5,0.83
1035119,Brentford,Burnley,3,0,Win,50%,79%,23,3.24,50%,83%,6,1.14
1035124,Nottingham Forest,Luton,2,2,Draw,57%,77%,19,2.97,43%,70%,13,1.71
1035120,Chelsea,Arsenal,2,2,Draw,43%,82%,11,1.35,57%,85%,13,0.99
1035125,Sheffield Utd,Manchester United,1,2,Loss,38%,68%,12,1.42,62%,81%,14,1.1
1035118,Aston Villa,West Ham,4,1,Win,58%,89%,15,1.94,42%,82%,14,1.16
1035126,Tottenham,Fulham,2,0,Win,56%,87%,15,1.53,44%,84%,10,1.03
1035132,Crystal Palace,Tottenham,1,2,Loss,24%,67%,13,0.64,76%,91%,10,1.12
1035131,Chelsea,Brentford,0,2,Loss,69%,89%,17,2.03,31%,73%,7,2.16
1035127,Bournemouth,Burnley,2,1,Win,44%,76%,13,1.11,56%,79%,6,0.83
1035128,Arsenal,Sheffield Utd,5,0,Win,67%,91%,13,2.77,33%,75%,2,0.03
1035136,Wolves,Newcastle,2,2,Draw,43%,82%,11,0.89,57%,86%,13,2.19
1035135,West Ham,Everton,0,1,Loss,64%,84%,12,0.66,36%,75%,10,0.82
1035133,Liverpool,Nottingham Forest,3,0,Win,73%,90%,21,3.19,27%,73%,9,0.45
1035130,Brighton,Fulham,1,1,Draw,71%,91%,18,1.43,29%,79%,10,0.71
1035129,Aston Villa,Luton,3,1,Win,71%,90%,17,2.28,29%,77%,7,0.48
1035134,Manchester United,Manchester City,0,3,Loss,40%,81%,7,0.95,60%,90%,21,4
1035140,Fulham,Manchester United,0,1,Loss,45%,72%,18,1.01,55%,79%,12,0.69
1035138,Burnley,Crystal Palace,0,2,Loss,68%,85%,17,1.12,32%,72%,4,1.3
1035139,Everton,Brighton,1,1,Draw,20%,62%,10,0.71,80%,90%,7,0.51
1035142,Manchester City,Bournemouth,6,1,Win,65%,93%,21,1.95,35%,86%,5,0.91
1035137,Brentford,West Ham,3,2,Win,59%,80%,16,1.63,41%,71%,12,1.82
1035145,Sheffield Utd,Wolves,2,1,Win,38%,67%,11,1.05,62%,81%,10,1.33
1035143,Newcastle,Arsenal,1,0,Win,41%,79%,9,1.04,59%,84%,14,0.57
1035144,Nottingham Forest,Aston Villa,2,0,Win,27%,72%,5,0.38,73%,91%,13,1.23
1035141,Luton,Liverpool,1,1,Draw,26%,59%,8,0.81,74%,88%,24,2.85
1035146,Tottenham,Chelsea,1,4,Loss,39%,79%,8,0.89,61%,87%,17,4.12
1035156,Wolves,Tottenham,2,1,Win,42%,85%,17,2.15,58%,88%,6,0.7
1035154,Manchester United,Luton,1,0,Win,65%,87%,15,2.18,35%,79%,10,0.41
1035148,Arsenal,Burnley,3,1,Win,64%,86%,16,1.95,36%,79%,8,0.32
1035152,Crystal Palace,Everton,2,3,Loss,67%,87%,13,2.17,33%,73%,8,1.53
1035147,Bournemouth,Newcastle,2,0,Win,48%,78%,19,2.46,52%,80%,8,0.49
1035153,Liverpool,Brentford,3,0,Win,58%,82%,17,1.71,42%,76%,16,1.68
1035155,West Ham,Nottingham Forest,3,2,Win,54%,85%,16,1.8,46%,81%,10,1.69
1035150,Brighton,Sheffield Utd,1,1,Draw,61%,87%,11,1.53,39%,79%,9,1.07
1035149,Aston Villa,Fulham,3,1,Win,51%,83%,12,3.08,49%,84%,9,0.93
1035151,Chelsea,Manchester City,4,4,Draw,45%,85%,17,2.95,55%,90%,15,2.88
1035299,Manchester City,Liverpool,1,1,Draw,60%,91%,16,1.36,40%,82%,8,0.56
1035300,Newcastle,Chelsea,4,1,Win,54%,86%,14,2.36,46%,84%,7,0.53
1035295,Burnley,West Ham,1,2,Loss,51%,82%,11,1.26,49%,76%,11,0.9
1035302,Sheffield Utd,Bournemouth,1,3,Loss,46%,67%,10,0.78,54%,76%,23,2.86
1035301,Nottingham Forest,Brighton,2,3,Loss,47%,82%,18,1.93,53%,87%,11,1.48
1035298,Luton,Crystal Palace,2,1,Win,39%,74%,8,0.94,61%,79%,16,1.67
1035294,Brentford,Arsenal,0,1,Loss,36%,65%,9,1.19,64%,82%,15,1.65
1035303,Tottenham,Aston Villa,1,2,Loss,62%,90%,18,2.34,38%,86%,15,1.76
1035296,Everton,Manchester United,0,3,Loss,51%,78%,24,2.47,49%,76%,9,2.22
1035297,Fulham,Wolves,3,2,Win,60%,84%,12,2.9,40%,75%,10,1.35
1035305,Arsenal,Wolves,2,1,Win,57%,88%,19,2.89,43%,80%,6,0.71
1035307,Burnley,Sheffield Utd,5,0,Win,64%,84%,19,1.81,36%,72%,6,0.39
1035306,Brentford,Luton,3,1,Win,69%,85%,27,3.47,31%,69%,7,0.23
1035312,Nottingham Forest,Everton,0,1,Loss,62%,82%,13,0.72,38%,65%,12,0.67
1035311,Newcastle,Manchester United,1,0,Win,58%,83%,22,2.5,42%,76%,8,0.48
1035304,Bournemouth,Aston Villa,2,2,Draw,37%,72%,15,2.02,63%,80%,11,0.68
1035309,Liverpool,Fulham,4,3,Win,61%,82%,26,2.23,39%,72%,9,1.21
1035313,West Ham,Crystal Palace,1,1,Draw,55%,81%,9,1.13,45%,74%,9,0.93
1035308,Chelsea,Brighton,3,2,Win,32%,80%,8,2.11,68%,90%,18,1.14
1035310,Manchester City,Tottenham,3,3,Draw,55%,88%,17,2.57,45%,85%,8,0.46
1035321,Wolves,Burnley,1,0,Win,51%,79%,7,0.83,49%,77%,12,0.87
1035318,Luton,Arsenal,3,4,Loss,33%,66%,6,0.51,67%,85%,23,2.26
1035317,Fulham,Nottingham Forest,5,0,Win,64%,88%,14,2.52,36%,82%,4,0.26
1035315,Brighton,Brentford,2,1,Win,62%,87%,18,1.57,38%,74%,8,1.52
1035322,Crystal Palace,Bournemouth,0,2,Loss,59%,83%,16,1.01,41%,73%,11,1.9
1035319,Sheffield Utd,Liverpool,0,2,Loss,24%,48%,6,0.99,76%,84%,15,1.69
1035323,Manchester United,Chelsea,2,1,Win,45%,85%,28,4.17,55%,86%,13,1.52
1035314,Aston Villa,Manchester City,1,0,Win,46%,85%,22,2.38,54%,87%,2,0.65
1035316,Everton,Newcastle,3,0,Win,39%,75%,21,3.36,61%,84%,13,1.57
1035320,Tottenham,West Ham,1,2,Loss,75%,91%,23,1.79,25%,73%,11,2.23
1035326,Crystal Palace,Liverpool,1,2,Loss,24%,58%,8,1.74,76%,87%,14,1.25
1035330,Manchester United,Bournemouth,0,3,Loss,69%,85%,20,1.16,31%,70%,10,1.48
1035333,Wolves,Nottingham Forest,1,1,Draw,68%,85%,10,1.17,32%,68%,8,1.29
1035325,Brighton,Burnley,1,1,Draw,72%,91%,29,2.78,28%,73%,6,0.56
1035331,Sheffield Utd,Brentford,1,0,Win,40%,72%,9,0.81,60%,79%,10,0.66
1035324,Aston Villa,Arsenal,1,0,Win,39%,72%,10,0.57,61%,84%,12,1.4
1035328,Fulham,West Ham,5,0,Win,63%,89%,14,2.37,37%,84%,9,1.34
1035327,Everton,Chelsea,2,0,Win,28%,64%,9,1.22,72%,87%,16,0.95
1035329,Luton,Manchester City,1,2,Loss,35%,74%,4,0.33,65%,86%,18,1.61
1035332,Tottenham,Newcastle,4,1,Win,56%,86%,23,3.81,44%,84%,9,1.69
1035342,Nottingham Forest,Tottenham,0,2,Loss,33%,73%,15,1.35,67%,89%,12,1.57
1035341,Newcastle,Fulham,3,0,Win,71%,90%,27,3.51,29%,77%,6,0.28
1035338,Chelsea,Sheffield Utd,2,0,Win,78%,91%,15,3.05,22%,61%,6,0.36
1035340,Manchester City,Crystal Palace,2,2,Draw,74%,92%,19,1.61,26%,76%,5,1.82
1035337,Burnley,Everton,0,2,Loss,62%,85%,14,0.71,38%,72%,9,1.46
1035335,Arsenal,Brighton,2,0,Win,49%,90%,26,2.34,51%,90%,6,0.69
1035343,West Ham,Wolves,3,0,Win,44%,79%,13,1.13,56%,84%,14,0.66
1035336,Brentford,Aston Villa,1,2,Loss,33%,68%,4,0.51,67%,85%,15,1.42
1035339,Liverpool,Manchester United,0,0,Draw,68%,84%,34,2.38,32%,71%,6,0.75
1035345,Crystal Palace,Brighton,1,1,Draw,34%,78%,11,1.35,66%,91%,18,1.19
1035344,Aston Villa,Sheffield Utd,1,1,Draw,78%,88%,12,0.86,22%,63%,5,0.58
1035352,West Ham,Manchester United,2,0,Win,35%,79%,12,1.25,65%,86%,11,1.03
1035346,Fulham,Burnley,0,2,Loss,66%,85%,19,1.42,34%,75%,7,0.37
1035351,Tottenham,Everton,2,1,Win,61%,84%,13,1.48,39%,77%,18,1.78
1035350,Nottingham Forest,Bournemouth,2,3,Loss,33%,63%,11,1.02,67%,83%,18,1.61
1035348,Luton,Newcastle,1,0,Win,35%,74%,16,1.49,65%,83%,15,1.5
1035347,Liverpool,Arsenal,1,1,Draw,51%,81%,13,0.97,49%,80%,13,0.74
1035353,Wolves,Chelsea,2,1,Win,32%,66%,14,1.27,68%,88%,16,2.06
1035362,Newcastle,Nottingham Forest,1,3,Loss,62%,87%,19,2.43,38%,80%,15,3.46
1035354,Bournemouth,Fulham,3,0,Win,43%,81%,16,1.82,57%,84%,8,0.28
1035363,Sheffield Utd,Luton,2,3,Loss,51%,74%,21,2.59,49%,77%,12,0.63
1035358,Burnley,Liverpool,0,2,Loss,31%,63%,9,0.81,69%,85%,19,1.82
1035361,Manchester United,Aston Villa,3,2,Win,46%,80%,13,1.13,54%,82%,10,1.66
1035359,Chelsea,Crystal Palace,2,1,Win,64%,89%,9,2.57,36%,82%,13,1.12
1035356,Brentford,Wolves,1,4,Loss,61%,80%,14,2.23,39%,74%,11,2.39
1035360,Everton,Manchester City,1,3,Loss,28%,72%,7,0.98,72%,91%,23,2.6
1035357,Brighton,Tottenham,4,2,Win,45%,83%,15,3.58,55%,85%,19,2.35
1035355,Arsenal,West Ham,0,2,Loss,74%,91%,30,2.77,26%,69%,6,1.42
1035368,Luton,Chelsea,2,3,Loss,51%,83%,15,2.53,49%,83%,12,1.5
1035373,Wolves,Everton,3,0,Win,53%,81%,12,1.99,47%,79%,10,0.46
1035369,Manchester City,Sheffield Utd,2,0,Win,81%,94%,18,2.21,19%,75%,4,0.31
1035365,Crystal Palace,Brentford,3,1,Win,46%,82%,13,0.98,54%,81%,9,1.39
1035364,Aston Villa,Burnley,3,2,Win,66%,85%,19,3.23,34%,72%,9,1.17
1035370,Nottingham Forest,Manchester United,2,1,Win,45%,78%,8,0.7,55%,81%,10,0.76
1035366,Fulham,Arsenal,2,1,Win,40%,83%,15,1.22,60%,88%,13,1.64
1035371,Tottenham,Bournemouth,3,1,Win,51%,81%,12,2.32,49%,85%,24,1.68
1035367,Liverpool,Newcastle,4,2,Win,62%,85%,34,7.11,38%,75%,5,0.6
1035372,West Ham,Brighton,0,0,Draw,31%,81%,6,0.68,69%,92%,22,2.38
1035378,Burnley,Luton,1,1,Draw,39%,70%,13,1.1,61%,81%,14,0.95
1035379,Chelsea,Fulham,1,0,Win,55%,84%,17,2.19,45%,78%,14,0.86
1035382,Newcastle,Manchester City,2,3,Loss,27%,73%,12,1.3,73%,91%,27,3
1035380,Everton,Aston Villa,0,0,Draw,31%,63%,10,1.2,69%,86%,16,1.26
1035381,Manchester United,Tottenham,2,2,Draw,36%,76%,9,0.75,64%,90%,16,1.23
1035375,Arsenal,Crystal Palace,5,0,Win,61%,87%,21,3.21,39%,78%,12,0.35
1035376,Brentford,Nottingham Forest,3,2,Win,48%,75%,11,1.2,52%,81%,12,1.22
1035383,Sheffield Utd,West Ham,2,2,Draw,57%,80%,21,2.51,43%,74%,16,2.34
1035374,Bournemouth,Liverpool,0,4,Loss,39%,72%,11,1.37,61%,83%,14,1.57
1035377,Brighton,Wolves,0,0,Draw,72%,91%,11,1.05,28%,76%,8,1.15
1035387,Nottingham Forest,Arsenal,1,2,Loss,27%,73%,9,0.46,73%,89%,19,1.32
1035385,Fulham,Everton,0,0,Draw,69%,86%,25,1.71,31%,69%,21,2.15
1035386,Luton,Brighton,4,0,Win,41%,71%,18,3.21,59%,77%,9,0.94
1035391,Crystal Palace,Sheffield Utd,3,2,Win,54%,83%,12,1.15,46%,74%,9,0.76
1035384,Aston Villa,Newcastle,1,3,Loss,61%,88%,12,1.46,39%,79%,14,2.63
1035388,Tottenham,Brentford,3,2,Win,68%,86%,19,3.01,32%,66%,9,1.59
1035393,Manchester City,Burnley,3,1,Win,74%,90%,14,1.76,26%,74%,8,1.44
1035392,Liverpool,Chelsea,4,1,Win,51%,85%,28,2.9,49%,86%,4,0.58
1035389,West Ham,Bournemouth,1,1,Draw,49%,79%,9,1.39,51%,77%,9,1.2
1035390,Wolves,Manchester United,3,4,Loss,53%,87%,16,2.2,47%,85%,21,3.34
1035400,Everton,Tottenham,2,2,Draw,43%,73%,14,2.62,57%,78%,9,0.98
1035402,Newcastle,Luton,4,4,Draw,54%,74%,19,2.4,46%,81%,11,2.36
1035398,Burnley,Fulham,2,2,Draw,44%,75%,12,1.81,56%,76%,15,1.51
1035397,Brighton,Crystal Palace,4,1,Win,69%,94%,13,1.43,31%,85%,7,0.3
1035403,Sheffield Utd,Aston Villa,0,5,Loss,36%,79%,10,1.48,64%,89%,14,2.19
1035401,Manchester United,West Ham,3,0,Win,51%,86%,12,0.75,49%,87%,22,1.4
1035394,Bournemouth,Nottingham Forest,1,1,Draw,44%,69%,9,1.27,56%,77%,8,0.53
1035399,Chelsea,Wolves,2,4,Loss,64%,89%,15,1.74,36%,79%,14,2
1035395,Arsenal,Liverpool,3,1,Win,43%,78%,15,3.5,57%,84%,10,0.37
1035396,Brentford,Manchester City,1,3,Loss,28%,73%,9,1.04,72%,91%,25,2.09
1035409,Manchester City,Everton,2,0,Win,73%,92%,19,1.63,27%,76%,5,0.32
1035406,Fulham,Bournemouth,3,1,Win,49%,75%,7,1.55,51%,78%,25,1.84
1035413,Wolves,Brentford,0,2,Loss,71%,87%,17,1.05,29%,61%,9,1.94
1035407,Liverpool,Burnley,3,1,Win,71%,87%,25,2.86,29%,67%,9,1.33
1035411,Tottenham,Brighton,2,1,Win,53%,85%,16,1.65,47%,83%,6,1.24
1035408,Luton,Sheffield Utd,1,3,Loss,75%,85%,20,1.88,25%,57%,7,1.81
1035410,Nottingham Forest,Newcastle,2,3,Loss,38%,79%,13,1.5,62%,88%,7,0.48
1035412,West Ham,Arsenal,0,6,Loss,30%,74%,5,0.22,70%,93%,25,3.59
1035404,Aston Villa,Manchester United,1,2,Loss,56%,87%,23,2.43,44%,80%,17,1.79
1035405,Crystal Palace,Chelsea,1,3,Loss,23%,66%,13,0.56,77%,90%,14,1.4
1035414,Brentford,Liverpool,1,4,Loss,37%,69%,15,1.69,63%,83%,15,2.82
1035420,Newcastle,Bournemouth,2,2,Draw,63%,79%,17,2.23,37%,65%,12,2.22
1035417,Fulham,Aston Villa,1,2,Loss,52%,85%,15,1.55,48%,85%,12,1.61
1035415,Burnley,Arsenal,0,5,Loss,35%,73%,8,0.31,65%,87%,16,2.36
1035423,Tottenham,Wolves,1,2,Loss,71%,89%,15,1.62,29%,71%,12,1.75
1035421,Nottingham Forest,West Ham,2,0,Win,48%,82%,19,2.82,52%,83%,10,0.5
1035419,Manchester City,Chelsea,1,1,Draw,70%,91%,31,2.69,30%,81%,9,1.44
1035422,Sheffield Utd,Brighton,0,5,Loss,21%,68%,6,0.59,79%,94%,24,2.9
1035418,Luton,Manchester United,1,2,Loss,59%,84%,22,1.82,41%,76%,21,2.98
1035416,Everton,Crystal Palace,1,1,Draw,63%,80%,19,1.74,37%,65%,10,0.73
1035349,Manchester City,Brentford,1,0,Win,70%,92%,25,2.45,30%,75%,6,0.35
1035430,Liverpool,Luton,4,1,Win,61%,83%,29,3.32,39%,74%,12,0.92
1035431,Manchester United,Fulham,1,2,Loss,57%,86%,21,1.72,43%,82%,17,1.2
1035427,Brighton,Everton,1,1,Draw,65%,90%,23,1.41,35%,80%,6,0.29
1035429,Crystal Palace,Burnley,3,0,Win,56%,79%,15,2.4,44%,71%,2,0.08
1035426,Aston Villa,Nottingham Forest,4,2,Win,58%,92%,16,3.57,42%,86%,10,2.56
1035424,Bournemouth,Manchester City,0,1,Loss,38%,78%,13,0.93,62%,85%,15,1.64
1035425,Arsenal,Newcastle,4,1,Win,55%,85%,18,2.86,45%,80%,3,0.16
1035433,Wolves,Sheffield Utd,1,0,Win,64%,87%,13,1.31,36%,76%,12,0.58
1035432,West Ham,Brentford,4,2,Win,41%,77%,17,1.69,59%,81%,14,0.91
1035440,Newcastle,Wolves,3,0,Win,44%,78%,14,2.19,56%,85%,12,0.8
1035437,Fulham,Brighton,3,0,Win,30%,71%,12,1.3,70%,89%,15,1.34
1035436,Everton,West Ham,1,3,Loss,55%,82%,22,2.73,45%,75%,12,1.87
1035443,Tottenham,Crystal Palace,3,1,Win,78%,89%,14,1.91,22%,70%,4,0.32
1035434,Brentford,Chelsea,2,2,Draw,32%,69%,14,1.83,68%,85%,17,1.81
1035441,Nottingham Forest,Liverpool,0,1,Loss,29%,67%,8,0.97,71%,86%,22,2.07
1035438,Luton,Aston Villa,2,3,Loss,47%,84%,14,1.77,53%,85%,12,1.95
1035435,Burnley,Bournemouth,0,2,Loss,75%,82%,20,1.49,25%,56%,10,1.12
1035439,Manchester City,Manchester United,3,1,Win,73%,92%,27,3.33,27%,79%,3,0.25
1035442,Sheffield Utd,Arsenal,0,6,Loss,19%,67%,4,0.23,81%,92%,22,2.24
1035451,Manchester United,Everton,2,0,Win,51%,82%,15,2.72,49%,84%,23,1.61
1035444,Bournemouth,Sheffield Utd,2,2,Draw,70%,84%,32,3.35,30%,59%,13,1.25
1035453,Wolves,Fulham,2,1,Win,48%,85%,8,0.83,52%,84%,23,2.7
1035449,Crystal Palace,Luton,1,1,Draw,50%,79%,21,2.73,50%,79%,8,0.84
1035445,Arsenal,Brentford,2,1,Win,72%,82%,17,1.28,28%,54%,9,0.97
1035446,Aston Villa,Tottenham,0,4,Loss,31%,79%,10,0.83,69%,91%,9,1.55
1035452,West Ham,Burnley,2,2,Draw,52%,73%,22,2.11,48%,70%,11,0.68
1035447,Brighton,Nottingham Forest,1,0,Win,64%,92%,10,0.43,36%,83%,9,0.7
1035450,Liverpool,Manchester City,1,1,Draw,53%,84%,19,2.7,47%,82%,10,1.56
1035448,Chelsea,Newcastle,3,2,Win,45%,79%,12,1.57,55%,83%,11,0.74
1035334,Bournemouth,Luton,4,3,Win,59%,79%,24,2.35,41%,68%,8,2.06
1035456,Burnley,Brentford,2,1,Win,61%,80%,17,2.77,39%,63%,9,1.16
1035460,Luton,Nottingham Forest,1,1,Draw,60%,81%,10,0.58,40%,72%,16,1.98
1035459,Fulham,Tottenham,3,0,Win,43%,76%,16,2.76,57%,84%,14,2.41
1035462,West Ham,Aston Villa,1,1,Draw,31%,77%,13,2.02,69%,88%,13,0.66
1035470,Newcastle,West Ham,4,3,Win,60%,82%,24,4.07,40%,72%,10,1.42
1035464,Bournemouth,Everton,2,1,Win,49%,72%,11,1.32,51%,73%,7,1.01
1035473,Tottenham,Luton,2,1,Win,70%,85%,17,2.99,30%,69%,7,0.52
1035467,Chelsea,Burnley,2,2,Draw,69%,90%,33,4.26,31%,75%,18,1.64
1035472,Sheffield Utd,Fulham,3,3,Draw,26%,62%,8,1.89,74%,86%,24,1.3
1035471,Nottingham Forest,Crystal Palace,1,1,Draw,58%,84%,12,0.92,42%,76%,10,1.19
1035465,Aston Villa,Wolves,2,0,Win,48%,88%,11,0.98,52%,87%,13,1.49
1035466,Brentford,Manchester United,1,1,Draw,47%,70%,31,3.29,53%,80%,11,0.59
1035468,Liverpool,Brighton,2,1,Win,54%,89%,30,2.83,46%,86%,9,0.45
1035469,Manchester City,Arsenal,0,0,Draw,73%,88%,12,1.02,27%,71%,6,0.66
1035481,Newcastle,Everton,1,1,Draw,58%,81%,18,2.44,42%,75%,10,1.44
1035478,Nottingham Forest,Fulham,3,1,Win,33%,78%,16,1.53,67%,88%,18,1.5
1035474,Bournemouth,Crystal Palace,1,0,Win,50%,79%,11,1.1,50%,77%,3,0.19
1035477,Burnley,Wolves,1,1,Draw,51%,84%,13,1.34,49%,84%,8,0.9
1035479,West Ham,Tottenham,1,1,Draw,32%,79%,11,1.49,68%,89%,13,0.96
1035475,Arsenal,Luton,2,0,Win,58%,88%,13,0.82,42%,82%,5,0.34
1035476,Brentford,Brighton,0,0,Draw,33%,77%,5,0.57,67%,91%,24,1.14
1035483,Manchester City,Aston Villa,4,1,Win,67%,92%,25,3.46,33%,86%,8,0.77
1035482,Liverpool,Sheffield Utd,3,1,Win,83%,91%,29,1.83,17%,49%,5,0.59
1035480,Chelsea,Manchester United,4,3,Win,57%,86%,28,3.02,43%,80%,19,1.47
1035486,Crystal Palace,Manchester City,2,4,Loss,25%,78%,7,1.08,75%,91%,18,1.91
1035488,Fulham,Newcastle,0,1,Loss,67%,85%,14,1.26,33%,76%,12,0.97
1035493,Wolves,West Ham,1,2,Loss,58%,87%,14,1.47,42%,84%,11,1.16
1035487,Everton,Burnley,1,0,Win,37%,68%,12,0.94,63%,78%,6,0.46
1035484,Aston Villa,Brentford,3,3,Draw,70%,85%,11,1.52,30%,68%,8,1.56
1035489,Luton,Bournemouth,2,1,Win,56%,75%,19,1.46,44%,68%,8,0.41
1035485,Brighton,Arsenal,0,3,Loss,55%,88%,10,0.53,45%,83%,20,3.39
1035490,Manchester United,Liverpool,2,2,Draw,38%,77%,9,0.7,62%,85%,28,3.67
1035491,Sheffield Utd,Chelsea,2,2,Draw,32%,75%,11,1.38,68%,86%,6,0.24
1035492,Tottenham,Nottingham Forest,3,1,Win,64%,88%,17,1.55,36%,83%,13,1.55
1035501,Newcastle,Tottenham,4,0,Win,27%,65%,18,2.88,73%,87%,11,0.77
1035497,Burnley,Brighton,1,1,Draw,45%,81%,11,1.71,55%,86%,20,0.86
1035500,Manchester City,Luton,5,1,Win,74%,92%,37,4.32,26%,78%,4,0.51
1035496,Brentford,Sheffield Utd,2,0,Win,53%,76%,9,1.02,47%,70%,8,0.84
1035502,Nottingham Forest,Wolves,2,2,Draw,46%,82%,18,1.92,54%,86%,11,1.09
1035494,Bournemouth,Manchester United,2,2,Draw,43%,75%,20,1.64,57%,82%,8,1.26
1035499,Liverpool,Crystal Palace,0,1,Loss,70%,84%,21,2.81,30%,69%,8,1.98
1035503,West Ham,Fulham,0,2,Loss,58%,86%,15,0.93,42%,80%,18,3.29
1035495,Arsenal,Aston Villa,0,2,Loss,52%,87%,18,1.64,48%,83%,11,0.94
1035498,Chelsea,Everton,6,0,Win,59%,88%,14,3.08,41%,78%,10,1.48
1035511,Sheffield Utd,Burnley,1,4,Loss,49%,78%,18,2.43,51%,83%,16,2.18
1035509,Luton,Brentford,1,5,Loss,53%,76%,6,0.59,47%,75%,21,3.14
1035513,Wolves,Arsenal,0,2,Loss,46%,82%,5,0.14,54%,87%,24,1.26
1035507,Everton,Nottingham Forest,2,0,Win,40%,75%,7,0.34,60%,83%,8,0.95
1035506,Crystal Palace,West Ham,5,2,Win,61%,85%,18,2.36,39%,81%,4,1.27
1035504,Aston Villa,Bournemouth,3,1,Win,56%,84%,15,2.51,44%,83%,14,1.77
1035508,Fulham,Liverpool,1,3,Loss,40%,78%,12,0.8,60%,86%,14,1
1035454,Arsenal,Chelsea,5,0,Win,44%,88%,27,3.42,56%,88%,7,1.68
1035463,Wolves,Bournemouth,0,1,Loss,63%,81%,15,0.56,37%,74%,21,1.96
1035461,Manchester United,Sheffield Utd,4,2,Win,72%,90%,25,2.94,28%,74%,10,0.82
1035458,Everton,Liverpool,2,0,Win,24%,62%,16,1.26,76%,89%,23,2.08
1035457,Crystal Palace,Newcastle,2,0,Win,47%,76%,20,0.89,53%,77%,7,0.36
1035455,Brighton,Manchester City,0,4,Loss,35%,89%,7,0.62,65%,93%,14,1.36
1035522,West Ham,Liverpool,2,2,Draw,29%,69%,11,0.7,71%,87%,28,1.75
1035518,Manchester United,Burnley,1,1,Draw,48%,78%,27,2.71,52%,79%,16,2.06
1035519,Newcastle,Sheffield Utd,5,1,Win,60%,87%,20,3.11,40%,81%,15,1.55
1035517,Fulham,Crystal Palace,1,1,Draw,54%,79%,9,1.14,46%,81%,14,1.01
1035523,Wolves,Luton,2,1,Win,58%,87%,13,1.21,42%,84%,9,0.59
1035516,Everton,Brentford,1,0,Win,48%,78%,18,0.86,52%,78%,10,0.88
1035515,Aston Villa,Chelsea,2,2,Draw,29%,77%,9,1.1,71%,92%,21,1.57
1035514,Bournemouth,Brighton,3,0,Win,30%,74%,15,2.11,70%,89%,13,0.94
1035521,Tottenham,Arsenal,2,3,Loss,62%,90%,15,2.42,38%,81%,9,1.03
1035520,Nottingham Forest,Manchester City,0,2,Loss,33%,81%,14,1.93,67%,91%,11,0.87
1035428,Chelsea,Tottenham,2,0,Win,37%,77%,16,2.14,63%,86%,19,1.61
1035531,Luton,Everton,1,1,Draw,50%,82%,18,0.81,50%,80%,10,1.42
1035524,Arsenal,Bournemouth,3,0,Win,55%,84%,25,3.38,45%,82%,7,0.46
1035527,Burnley,Newcastle,1,4,Loss,47%,77%,17,1.04,53%,80%,23,3.54
1035525,Brentford,Fulham,0,0,Draw,54%,81%,7,0.63,46%,75%,15,1.28
1035533,Sheffield Utd,Nottingham Forest,1,3,Loss,54%,79%,17,2.27,46%,78%,15,1.49
1035532,Manchester City,Wolves,5,1,Win,58%,91%,20,3.74,42%,85%,2,0.35
1035528,Chelsea,West Ham,5,0,Win,69%,93%,25,4.22,31%,82%,13,0.88
1035526,Brighton,Aston Villa,1,0,Win,53%,86%,15,2.53,47%,86%,2,0.05
1035530,Liverpool,Tottenham,4,2,Win,44%,83%,25,3.37,56%,86%,11,1.24
1035529,Crystal Palace,Manchester United,4,0,Win,43%,82%,18,1.75,57%,85%,7,0.35
1035537,Fulham,Manchester City,0,4,Loss,36%,84%,1,0.12,64%,92%,16,3.25
1035539,Newcastle,Brighton,1,1,Draw,56%,86%,18,2.22,44%,84%,15,1.37
1035534,Bournemouth,Brentford,1,2,Loss,48%,74%,13,0.67,52%,76%,11,1.08
1035543,Wolves,Crystal Palace,1,3,Loss,62%,83%,14,1.57,38%,73%,13,2.7
1035536,Everton,Sheffield Utd,1,0,Win,58%,84%,15,2.35,42%,78%,13,0.6
1035541,Tottenham,Burnley,2,1,Win,63%,88%,21,2.72,37%,74%,7,0.67
1035542,West Ham,Luton,3,1,Win,58%,83%,24,3.17,42%,78%,4,0.32
1035540,Nottingham Forest,Chelsea,2,3,Loss,32%,79%,20,1.56,68%,91%,12,1.59
1035538,Manchester United,Arsenal,0,1,Loss,54%,86%,14,0.51,46%,83%,11,1.52
1035535,Aston Villa,Liverpool,3,3,Draw,41%,85%,19,3.2,59%,88%,14,1.74
1035512,Tottenham,Manchester City,0,2,Loss,53%,89%,10,1.66,47%,89%,8,2.4
1035505,Brighton,Chelsea,1,2,Loss,55%,91%,12,1.27,45%,91%,14,1.54
1035510,Manchester United,Newcastle,3,2,Win,45%,78%,17,1.45,55%,83%,21,2.37
1035550,Liverpool,Wolves,2,0,Win,67%,91%,36,4.74,33%,76%,4,0.5
1035544,Arsenal,Everton,2,1,Win,69%,89%,26,3.01,31%,72%,5,0.61
1035547,Burnley,Nottingham Forest,1,2,Loss,73%,90%,20,1.21,27%,72%,12,1.78
1035548,Chelsea,Bournemouth,2,1,Win,61%,86%,16,1.14,39%,82%,22,2.22
1035552,Manchester City,West Ham,3,1,Win,71%,93%,28,2.04,29%,80%,3,0.36
1035546,Brighton,Manchester United,0,2,Loss,55%,90%,17,1.88,45%,86%,11,1.29
1035549,Crystal Palace,Aston Villa,5,0,Win,54%,90%,15,2.54,46%,87%,8,1.02
1035545,Brentford,Newcastle,2,4,Loss,54%,84%,10,1.13,46%,80%,12,3.43
1035553,Sheffield Utd,Tottenham,0,3,Loss,24%,73%,6,0.98,76%,91%,18,3.16
1035551,Luton,Fulham,2,4,Loss,40%,81%,15,2.1,60%,85%,16,1.09